MRY,2.629,2.629,1
PATRICIA,1.073,3.702,2
LINDA,1.035,4.736,3
BARBARA,0.980,5.716,4
ELIZABETH,0.937,6.653,5
JENNIFER,0.932,7.586,6
MARIA,0.828,8.414,7
SUSAN,0.794,9.209,8
MARGARET,0.768,9.976,9
DOROTHY,0.727,10.703,10
LISA,0.704,11.407,11
NANCY,0.669,12.075,12
KAREN,0.667,12.742,13
BETTY,0.666,13.408,14
HELEN,0.663,14.071,15
SANDRA,0.629,14.700,16
DONNA,0.583,15.282,17
CAROL,0.565,15.848,18
RUTH,0.562,16.410,19
SHARON,0.522,16.932,20
MICHELLE,0.519,17.451,21
LAURA,0.510,17.961,22
SARAH,0.508,18.469,23
KIMBERLY,0.504,18.973,24
DEBORAH,0.494,19.467,25
JESSICA,0.490,19.958,26
SHIRLEY,0.482,20.439,27
CYNTHIA,0.469,20.908,28
ANGELA,0.468,21.376,29
MELISSA,0.462,21.839,30
BRENDA,0.455,22.293,31
AMY,0.451,22.745,32
ANNA,0.440,23.185,33
REBECCA,0.430,23.615,34
VIRGINIA,0.430,24.044,35
KATHLEEN,0.424,24.468,36
PAMELA,0.416,24.884,37
MARTHA,0.412,25.297,38
DEBRA,0.408,25.704,39
AMANDA,0.404,26.108,40
STEPHANIE,0.400,26.508,41
CAROLYN,0.385,26.893,42
CHRISTINE,0.382,27.275,43
MARIE,0.379,27.655,44
JANET,0.379,28.034,45
CATHERINE,0.373,28.408,46
FRANCES,0.370,28.777,47
ANN,0.364,29.141,48
JOYCE,0.364,29.505,49
DIANE,0.359,29.864,50
ALICE,0.357,30.221,51
JULIE,0.348,30.568,52
HEATHER,0.337,30.905,53
TERESA,0.336,31.241,54
DORIS,0.335,31.577,55
GLORIA,0.335,31.912,56
EVELYN,0.322,32.233,57
JEAN,0.315,32.548,58
CHERYL,0.315,32.863,59
MILDRED,0.313,33.176,60
KATHERINE,0.313,33.489,61
JOAN,0.306,33.795,62
ASHLEY,0.303,34.098,63
JUDITH,0.297,34.395,64
ROSE,0.296,34.691,65
JANICE,0.285,34.975,66
KELLY,0.283,35.258,67
NICOLE,0.281,35.539,68
JUDY,0.276,35.815,69
CHRISTINA,0.275,36.090,70
KATHY,0.272,36.362,71
THERESA,0.271,36.633,72
BEVERLY,0.267,36.900,73
DENISE,0.264,37.164,74
TAMMY,0.259,37.423,75
IRENE,0.252,37.675,76
JANE,0.250,37.925,77
LORI,0.248,38.173,78
RACHEL,0.242,38.415,79
MARILYN,0.241,38.657,80
ANDREA,0.236,38.893,81
KATHRYN,0.234,39.127,82
LOUISE,0.229,39.356,83
SARA,0.229,39.584,84
ANNE,0.228,39.812,85
JACQUELINE,0.228,40.040,86
WANDA,0.226,40.266,87
BONNIE,0.223,40.489,88
JULIA,0.223,40.711,89
RUBY,0.221,40.932,90
LOIS,0.220,41.153,91
TINA,0.220,41.372,92
PHYLLIS,0.219,41.591,93
NORMA,0.218,41.809,94
PAULA,0.217,42.026,95
DIANA,0.216,42.242,96
ANNIE,0.216,42.458,97
LILLIAN,0.211,42.669,98
EMILY,0.208,42.877,99
ROBIN,0.208,43.085,100
PEGGY,0.208,43.293,101
CRYSTAL,0.207,43.500,102
GLADYS,0.205,43.705,103
RITA,0.204,43.908,104
DAWN,0.202,44.111,105
CONNIE,0.200,44.311,106
FLORENCE,0.200,44.511,107
TRACY,0.197,44.708,108
EDNA,0.197,44.904,109
TIFFANY,0.195,45.100,110
CARMEN,0.195,45.295,111
ROSA,0.194,45.489,112
CINDY,0.192,45.681,113
GRACE,0.189,45.869,114
WENDY,0.185,46.055,115
VICTORIA,0.180,46.235,116
EDITH,0.179,46.414,117
KIM,0.178,46.592,118
SHERRY,0.178,46.770,119
SYLVIA,0.177,46.947,120
JOSEPHINE,0.177,47.123,121
THELMA,0.175,47.298,122
SHANNON,0.175,47.473,123
SHEILA,0.175,47.648,124
ETHEL,0.174,47.822,125
ELLEN,0.173,47.995,126
ELAINE,0.173,48.168,127
MARJORIE,0.173,48.341,128
CARRIE,0.171,48.512,129
CHARLOTTE,0.169,48.680,130
MONICA,0.166,48.847,131
ESTHER,0.166,49.013,132
PAULINE,0.165,49.178,133
EMMA,0.165,49.342,134
JUANITA,0.164,49.506,135
ANITA,0.162,49.669,136
RHONDA,0.162,49.830,137
HAZEL,0.161,49.991,138
AMBER,0.160,50.151,139
EVA,0.159,50.310,140
DEBBIE,0.157,50.467,141
APRIL,0.154,50.621,142
LESLIE,0.154,50.775,143
CLARA,0.153,50.928,144
LUCILLE,0.153,51.081,145
JAMIE,0.153,51.235,146
JOANNE,0.150,51.385,147
ELEANOR,0.150,51.535,148
VALERIE,0.149,51.684,149
DANIELLE,0.149,51.833,150
MEGAN,0.147,51.981,151
ALICIA,0.146,52.126,152
SUZANNE,0.145,52.272,153
MICHELE,0.145,52.417,154
GAIL,0.145,52.562,155
BERTHA,0.143,52.704,156
DARLENE,0.142,52.847,157
VERONICA,0.142,52.989,158
JILL,0.142,53.131,159
ERIN,0.141,53.272,160
GERALDINE,0.141,53.413,161
LAUREN,0.137,53.550,162
CATHY,0.137,53.687,163
JOANN,0.136,53.823,164
LORRAINE,0.135,53.958,165
LYNN,0.135,54.093,166
SALLY,0.135,54.228,167
REGINA,0.133,54.360,168
ERICA,0.130,54.490,169
BEATRICE,0.130,54.620,170
DOLORES,0.129,54.749,171
BERNICE,0.128,54.877,172
AUDREY,0.127,55.003,173
YVONNE,0.126,55.129,174
ANNETTE,0.125,55.255,175
JUNE,0.125,55.380,176
SAMANTHA,0.124,55.504,177
MARION,0.122,55.626,178
DANA,0.122,55.748,179
STACY,0.121,55.869,180
ANA,0.120,55.989,181
RENEE,0.120,56.109,182
IDA,0.118,56.227,183
VIVIAN,0.118,56.346,184
ROBERTA,0.117,56.463,185
HOLLY,0.117,56.580,186
BRITTANY,0.117,56.697,187
MELANIE,0.116,56.813,188
LORETTA,0.115,56.928,189
YOLANDA,0.115,57.043,190
JEANETTE,0.115,57.158,191
LAURIE,0.114,57.271,192
KATIE,0.113,57.385,193
KRISTEN,0.111,57.496,194
VANESSA,0.111,57.607,195
ALMA,0.111,57.718,196
SUE,0.111,57.829,197
ELSIE,0.110,57.939,198
BETH,0.110,58.049,199
JEANNE,0.109,58.158,200
VICKI,0.109,58.267,201
CARLA,0.107,58.374,202
TARA,0.107,58.482,203
ROSEMARY,0.107,58.589,204
EILEEN,0.105,58.694,205
TERRI,0.105,58.799,206
GERTRUDE,0.103,58.902,207
LUCY,0.103,59.005,208
TONYA,0.102,59.107,209
ELLA,0.101,59.208,210
STACEY,0.101,59.308,211
WILMA,0.099,59.408,212
GINA,0.099,59.506,213
KRISTIN,0.099,59.605,214
JESSIE,0.098,59.703,215
NATALIE,0.098,59.801,216
AGNES,0.098,59.899,217
VERA,0.098,59.997,218
WILLIE,0.097,60.094,219
CHARLENE,0.097,60.191,220
BESSIE,0.096,60.287,221
DELORES,0.095,60.382,222
MELINDA,0.094,60.477,223
PEARL,0.094,60.571,224
ARLENE,0.094,60.665,225
MAUREEN,0.092,60.757,226
COLLEEN,0.092,60.849,227
ALLISON,0.092,60.941,228
TAMARA,0.092,61.033,229
JOY,0.091,61.124,230
GEORGIA,0.091,61.215,231
CONSTANCE,0.091,61.305,232
LILLIE,0.090,61.396,233
CLAUDIA,0.090,61.485,234
JACKIE,0.090,61.575,235
MARCIA,0.090,61.665,236
TANYA,0.089,61.754,237
NELLIE,0.089,61.843,238
MINNIE,0.089,61.931,239
MARLENE,0.088,62.020,240
HEIDI,0.088,62.108,241
GLENDA,0.088,62.195,242
LYDIA,0.086,62.281,243
VIOLA,0.086,62.367,244
COURTNEY,0.086,62.453,245
MARIAN,0.086,62.539,246
STELLA,0.085,62.623,247
CAROLINE,0.085,62.708,248
DORA,0.084,62.792,249
JO,0.083,62.875,250
VICKIE,0.082,62.957,251
MATTIE,0.081,63.038,252
TERRY,0.080,63.118,253
MAXINE,0.079,63.198,254
IRMA,0.079,63.277,255
MABEL,0.078,63.355,256
MARSHA,0.078,63.434,257
MYRTLE,0.078,63.511,258
LENA,0.077,63.589,259
CHRISTY,0.077,63.665,260
DEANNA,0.076,63.742,261
PATSY,0.076,63.818,262
HILDA,0.075,63.893,263
GWENDOLYN,0.074,63.967,264
JENNIE,0.073,64.040,265
NORA,0.073,64.113,266
MARGIE,0.072,64.185,267
NINA,0.072,64.257,268
CASSANDRA,0.072,64.329,269
LEAH,0.072,64.401,270
PENNY,0.071,64.472,271
KAY,0.071,64.543,272
PRISCILLA,0.071,64.614,273
NAOMI,0.071,64.684,274
CAROLE,0.071,64.755,275
BRANDY,0.070,64.825,276
OLGA,0.070,64.895,277
BILLIE,0.069,64.964,278
DIANNE,0.069,65.033,279
TRACEY,0.069,65.102,280
LEONA,0.069,65.171,281
JENNY,0.068,65.239,282
FELICIA,0.068,65.307,283
SONIA,0.068,65.374,284
MIRIAM,0.066,65.440,285
VELMA,0.066,65.506,286
BECKY,0.066,65.572,287
BOBBIE,0.065,65.637,288
VIOLET,0.065,65.702,289
KRISTINA,0.065,65.767,290
TONI,0.064,65.831,291
MISTY,0.063,65.894,292
MAE,0.063,65.957,293
SHELLY,0.062,66.019,294
DAISY,0.062,66.081,295
RAMONA,0.062,66.143,296
SHERRI,0.062,66.205,297
ERIKA,0.061,66.267,298
KATRINA,0.061,66.328,299
CLAIRE,0.061,66.388,300
LINDSEY,0.060,66.448,301
LINDSAY,0.060,66.507,302
GENEVA,0.059,66.567,303
GUADALUPE,0.059,66.626,304
BELINDA,0.059,66.685,305
MARGARITA,0.059,66.743,306
SHERYL,0.059,66.802,307
CORA,0.058,66.860,308
FAYE,0.058,66.917,309
ADA,0.057,66.975,310
NATASHA,0.057,67.032,311
SABRINA,0.057,67.089,312
ISABEL,0.057,67.146,313
MARGUERITE,0.056,67.202,314
HATTIE,0.056,67.257,315
HARRIET,0.056,67.313,316
MOLLY,0.055,67.368,317
CECILIA,0.055,67.424,318
KRISTI,0.055,67.479,319
BRANDI,0.055,67.534,320
BLANCHE,0.055,67.589,321
SANDY,0.055,67.644,322
ROSIE,0.055,67.699,323
JOANNA,0.055,67.754,324
IRIS,0.055,67.808,325
EUNICE,0.054,67.863,326
ANGIE,0.054,67.917,327
INEZ,0.053,67.970,328
LYNDA,0.053,68.023,329
MADELINE,0.052,68.075,330
AMELIA,0.052,68.127,331
ALBERTA,0.052,68.179,332
GENEVIEVE,0.051,68.230,333
MONIQUE,0.051,68.282,334
JODI,0.051,68.333,335
JANIE,0.051,68.385,336
MAGGIE,0.051,68.436,337
KAYLA,0.051,68.487,338
SONYA,0.051,68.538,339
JAN,0.051,68.589,340
LEE,0.051,68.641,341
KRISTINE,0.051,68.691,342
CANDACE,0.051,68.742,343
FANNIE,0.050,68.792,344
MARYANN,0.050,68.843,345
OPAL,0.050,68.893,346
ALISON,0.050,68.943,347
YVETTE,0.050,68.993,348
MELODY,0.050,69.043,349
LUZ,0.049,69.092,350
SUSIE,0.049,69.142,351
OLIVIA,0.049,69.191,352
FLORA,0.049,69.240,353
SHELLEY,0.049,69.288,354
KRISTY,0.048,69.337,355
MAMIE,0.048,69.385,356
LULA,0.048,69.433,357
LOLA,0.048,69.482,358
VERNA,0.048,69.530,359
BEULAH,0.048,69.577,360
ANTOINETTE,0.048,69.625,361
CANDICE,0.046,69.671,362
JUANA,0.046,69.717,363
JEANNETTE,0.046,69.763,364
PAM,0.046,69.809,365
KELLI,0.046,69.854,366
HANNAH,0.045,69.899,367
WHITNEY,0.045,69.944,368
BRIDGET,0.045,69.989,369
KARLA,0.044,70.034,370
CELIA,0.044,70.078,371
LATOYA,0.043,70.121,372
PATTY,0.043,70.165,373
SHELIA,0.043,70.208,374
GAYLE,0.043,70.251,375
DELLA,0.043,70.294,376
VICKY,0.043,70.336,377
LYNNE,0.043,70.379,378
SHERI,0.042,70.421,379
MARIANNE,0.042,70.463,380
KARA,0.041,70.504,381
JACQUELYN,0.041,70.544,382
ERMA,0.041,70.585,383
BLANCA,0.041,70.626,384
MYRA,0.040,70.666,385
LETICIA,0.040,70.706,386
PAT,0.040,70.746,387
KRISTA,0.040,70.786,388
ROXANNE,0.040,70.826,389
ANGELICA,0.039,70.865,390
JOHNNIE,0.039,70.905,391
ROBYN,0.039,70.944,392
FRANCIS,0.039,70.983,393
ADRIENNE,0.039,71.022,394
ROSALIE,0.039,71.061,395
ALEXANDRA,0.039,71.100,396
BROOKE,0.039,71.139,397
BETHANY,0.039,71.177,398
SADIE,0.039,71.216,399
BERNADETTE,0.039,71.254,400
TRACI,0.038,71.293,401
JODY,0.038,71.331,402
KENDRA,0.038,71.369,403
JASMINE,0.038,71.407,404
NICHOLE,0.038,71.445,405
RACHAEL,0.038,71.483,406
CHELSEA,0.038,71.520,407
MABLE,0.038,71.558,408
ERNESTINE,0.038,71.596,409
MURIEL,0.038,71.634,410
MARCELLA,0.037,71.671,411
ELENA,0.037,71.708,412
KRYSTAL,0.037,71.745,413
ANGELINA,0.037,71.781,414
NADINE,0.036,71.818,415
KARI,0.036,71.853,416
ESTELLE,0.036,71.889,417
DIANNA,0.036,71.925,418
PAULETTE,0.036,71.961,419
LORA,0.036,71.996,420
MONA,0.035,72.032,421
DOREEN,0.035,72.067,422
ROSEMARIE,0.035,72.102,423
ANGEL,0.035,72.137,424
DESIREE,0.035,72.172,425
ANTONIA,0.035,72.207,426
HOPE,0.034,72.241,427
GINGER,0.034,72.274,428
JANIS,0.034,72.308,429
BETSY,0.034,72.342,430
CHRISTIE,0.034,72.375,431
FREDA,0.034,72.409,432
MERCEDES,0.033,72.442,433
MEREDITH,0.033,72.475,434
LYNETTE,0.033,72.508,435
TERI,0.033,72.541,436
CRISTINA,0.033,72.573,437
EULA,0.033,72.606,438
LEIGH,0.032,72.638,439
MEGHAN,0.032,72.670,440
SOPHIA,0.032,72.702,441
ELOISE,0.032,72.734,442
ROCHELLE,0.032,72.766,443
GRETCHEN,0.032,72.798,444
CECELIA,0.032,72.829,445
RAQUEL,0.031,72.860,446
HENRIETTA,0.031,72.891,447
ALYSSA,0.031,72.922,448
JANA,0.031,72.953,449
KELLEY,0.031,72.983,450
GWEN,0.031,73.014,451
KERRY,0.031,73.044,452
JENNA,0.030,73.075,453
TRICIA,0.030,73.105,454
LAVERNE,0.030,73.135,455
OLIVE,0.030,73.165,456
ALEXIS,0.030,73.195,457
TASHA,0.030,73.225,458
SILVIA,0.029,73.254,459
ELVIRA,0.029,73.284,460
CASEY,0.029,73.313,461
DELIA,0.029,73.342,462
SOPHIE,0.029,73.372,463
KATE,0.029,73.401,464
PATTI,0.029,73.430,465
LORENA,0.029,73.459,466
KELLIE,0.029,73.488,467
SONJA,0.029,73.517,468
LILA,0.029,73.546,469
LANA,0.029,73.575,470
DARLA,0.029,73.604,471
MAY,0.029,73.633,472
MINDY,0.029,73.661,473
ESSIE,0.029,73.690,474
MANDY,0.029,73.719,475
LORENE,0.028,73.747,476
ELSA,0.028,73.775,477
JOSEFINA,0.028,73.804,478
JEANNIE,0.028,73.832,479
MIRANDA,0.028,73.860,480
DIXIE,0.028,73.888,481
LUCIA,0.028,73.916,482
MARTA,0.028,73.944,483
FAITH,0.028,73.972,484
LELA,0.028,73.999,485
JOHANNA,0.028,74.027,486
SHARI,0.028,74.055,487
CAMILLE,0.028,74.082,488
TAMI,0.027,74.110,489
SHAWNA,0.027,74.137,490
ELISA,0.027,74.164,491
EBONY,0.027,74.192,492
MELBA,0.027,74.219,493
ORA,0.027,74.246,494
NETTIE,0.027,74.273,495
TABITHA,0.027,74.300,496
OLLIE,0.027,74.327,497
JAIME,0.027,74.354,498
WINIFRED,0.027,74.381,499
KRISTIE,0.027,74.408,500
MARINA,0.027,74.435,501
ALISHA,0.027,74.462,502
AIMEE,0.027,74.488,503
RENA,0.027,74.515,504
MYRNA,0.026,74.541,505
MARLA,0.026,74.567,506
TAMMIE,0.026,74.593,507
LATASHA,0.026,74.619,508
BONITA,0.026,74.645,509
PATRICE,0.026,74.671,510
RONDA,0.026,74.697,511
SHERRIE,0.026,74.722,512
ADDIE,0.026,74.748,513
FRANCINE,0.025,74.773,514
DELORIS,0.025,74.799,515
STACIE,0.025,74.824,516
ADRIANA,0.025,74.849,517
CHERI,0.025,74.874,518
SHELBY,0.025,74.899,519
ABIGAIL,0.025,74.924,520
CELESTE,0.025,74.949,521
JEWEL,0.025,74.974,522
CARA,0.025,74.999,523
ADELE,0.025,75.024,524
REBEKAH,0.025,75.048,525
LUCINDA,0.025,75.073,526
DORTHY,0.025,75.097,527
CHRIS,0.024,75.122,528
EFFIE,0.024,75.146,529
TRINA,0.024,75.171,530
REBA,0.024,75.195,531
SHAWN,0.024,75.219,532
SALLIE,0.024,75.244,533
AURORA,0.024,75.268,534
LENORA,0.024,75.292,535
ETTA,0.024,75.317,536
LOTTIE,0.024,75.341,537
KERRI,0.024,75.365,538
TRISHA,0.024,75.389,539
NIKKI,0.024,75.413,540
ESTELLA,0.024,75.438,541
FRANCISCA,0.024,75.461,542
JOSIE,0.024,75.485,543
TRACIE,0.024,75.509,544
MARISSA,0.024,75.533,545
KARIN,0.024,75.557,546
BRITTNEY,0.024,75.580,547
JANELLE,0.024,75.604,548
LOURDES,0.024,75.628,549
LAUREL,0.024,75.651,550
HELENE,0.024,75.675,551
FERN,0.024,75.698,552
ELVA,0.024,75.722,553
CORINNE,0.024,75.745,554
KELSEY,0.024,75.769,555
INA,0.023,75.792,556
BETTIE,0.023,75.816,557
ELISABETH,0.023,75.839,558
AIDA,0.023,75.862,559
CAITLIN,0.023,75.886,560
INGRID,0.023,75.909,561
IVA,0.023,75.932,562
EUGENIA,0.023,75.955,563
CHRISTA,0.023,75.978,564
GOLDIE,0.023,76.000,565
CASSIE,0.023,76.023,566
MAUDE,0.023,76.046,567
JENIFER,0.023,76.068,568
THERESE,0.022,76.091,569
FRANKIE,0.022,76.113,570
DENA,0.022,76.136,571
LORNA,0.022,76.158,572
JANETTE,0.022,76.180,573
LATONYA,0.022,76.202,574
CANDY,0.022,76.224,575
MORGAN,0.022,76.247,576
CONSUELO,0.022,76.269,577
TAMIKA,0.022,76.291,578
ROSETTA,0.022,76.313,579
DEBORA,0.022,76.334,580
CHERIE,0.022,76.356,581
POLLY,0.022,76.378,582
DINA,0.022,76.400,583
JEWELL,0.021,76.421,584
FAY,0.021,76.442,585
JILLIAN,0.021,76.464,586
DOROTHEA,0.021,76.485,587
NELL,0.021,76.506,588
TRUDY,0.021,76.527,589
ESPERANZA,0.021,76.548,590
PATRICA,0.021,76.570,591
KIMBERLEY,0.021,76.591,592
SHANNA,0.021,76.611,593
HELENA,0.021,76.632,594
CAROLINA,0.021,76.653,595
CLEO,0.021,76.674,596
STEFANIE,0.021,76.694,597
ROSARIO,0.020,76.715,598
OLA,0.020,76.735,599
JANINE,0.020,76.756,600
MOLLIE,0.020,76.776,601
LUPE,0.020,76.796,602
ALISA,0.020,76.816,603
LOU,0.020,76.836,604
MARIBEL,0.020,76.856,605
SUSANNE,0.020,76.875,606
BETTE,0.019,76.895,607
SUSANA,0.019,76.914,608
ELISE,0.019,76.933,609
CECILE,0.019,76.953,610
ISABELLE,0.019,76.972,611
LESLEY,0.019,76.991,612
JOCELYN,0.019,77.010,613
PAIGE,0.019,77.030,614
JONI,0.019,77.049,615
RACHELLE,0.019,77.068,616
LEOLA,0.019,77.087,617
DAPHNE,0.019,77.106,618
ALTA,0.019,77.125,619
ESTER,0.019,77.144,620
PETRA,0.019,77.162,621
GRACIELA,0.019,77.181,622
IMOGENE,0.019,77.200,623
JOLENE,0.019,77.219,624
KEISHA,0.019,77.237,625
LACEY,0.018,77.256,626
GLENNA,0.018,77.274,627
GABRIELA,0.018,77.293,628
KERI,0.018,77.311,629
URSULA,0.018,77.329,630
LIZZIE,0.018,77.347,631
KIRSTEN,0.018,77.366,632
SHANA,0.018,77.384,633
ADELINE,0.018,77.402,634
MAYRA,0.018,77.420,635
JAYNE,0.018,77.438,636
JACLYN,0.018,77.456,637
GRACIE,0.018,77.474,638
SONDRA,0.018,77.492,639
CARMELA,0.018,77.509,640
MARISA,0.018,77.527,641
ROSALIND,0.018,77.545,642
CHARITY,0.018,77.563,643
TONIA,0.018,77.580,644
BEATRIZ,0.018,77.598,645
MARISOL,0.018,77.616,646
CLARICE,0.018,77.633,647
JEANINE,0.017,77.651,648
SHEENA,0.017,77.668,649
ANGELINE,0.017,77.685,650
FRIEDA,0.017,77.703,651
LILY,0.017,77.720,652
ROBBIE,0.017,77.737,653
SHAUNA,0.017,77.754,654
MILLIE,0.017,77.771,655
CLAUDETTE,0.017,77.788,656
CATHLEEN,0.017,77.805,657
ANGELIA,0.017,77.822,658
GABRIELLE,0.017,77.839,659
AUTUMN,0.017,77.856,660
KATHARINE,0.017,77.873,661
SUMMER,0.017,77.890,662
JODIE,0.017,77.907,663
STACI,0.017,77.923,664
LEA,0.017,77.940,665
CHRISTI,0.017,77.957,666
JIMMIE,0.017,77.974,667
JUSTINE,0.017,77.990,668
ELMA,0.017,78.007,669
LUELLA,0.017,78.023,670
MARGRET,0.017,78.040,671
DOMINIQUE,0.016,78.056,672
SOCORRO,0.016,78.073,673
RENE,0.016,78.089,674
MARTINA,0.016,78.105,675
MARGO,0.016,78.122,676
MAVIS,0.016,78.138,677
CALLIE,0.016,78.154,678
BOBBI,0.016,78.170,679
MARITZA,0.016,78.186,680
LUCILE,0.016,78.202,681
LEANNE,0.016,78.219,682
JEANNINE,0.016,78.235,683
DEANA,0.016,78.251,684
AILEEN,0.016,78.267,685
LORIE,0.016,78.282,686
LADONNA,0.016,78.298,687
WILLA,0.016,78.314,688
MANUELA,0.016,78.330,689
GALE,0.016,78.346,690
SELMA,0.016,78.361,691
DOLLY,0.016,78.377,692
SYBIL,0.016,78.393,693
ABBY,0.016,78.408,694
LARA,0.016,78.424,695
DALE,0.016,78.440,696
IVY,0.016,78.455,697
DEE,0.016,78.471,698
WINNIE,0.016,78.486,699
MARCY,0.016,78.502,700
LUISA,0.016,78.517,701
JERI,0.015,78.533,702
MAGDALENA,0.015,78.548,703
OFELIA,0.015,78.563,704
MEAGAN,0.015,78.579,705
AUDRA,0.015,78.594,706
MATILDA,0.015,78.609,707
LEILA,0.015,78.624,708
CORNELIA,0.015,78.639,709
BIANCA,0.015,78.654,710
SIMONE,0.015,78.669,711
BETTYE,0.015,78.684,712
RANDI,0.015,78.699,713
VIRGIE,0.015,78.713,714
LATISHA,0.015,78.728,715
BARBRA,0.015,78.743,716
GEORGINA,0.015,78.758,717
ELIZA,0.015,78.772,718
LEANN,0.015,78.787,719
BRIDGETTE,0.015,78.801,720
RHODA,0.014,78.816,721
HALEY,0.014,78.830,722
ADELA,0.014,78.845,723
NOLA,0.014,78.859,724
BERNADINE,0.014,78.873,725
FLOSSIE,0.014,78.887,726
ILA,0.014,78.902,727
GRETA,0.014,78.916,728
RUTHIE,0.014,78.930,729
NELDA,0.014,78.944,730
MINERVA,0.014,78.958,731
LILLY,0.014,78.973,732
TERRIE,0.014,78.987,733
LETHA,0.014,79.001,734
HILARY,0.014,79.015,735
ESTELA,0.014,79.029,736
VALARIE,0.014,79.043,737
BRIANNA,0.014,79.057,738
ROSALYN,0.014,79.071,739
EARLINE,0.014,79.085,740
CATALINA,0.014,79.099,741
AVA,0.014,79.113,742
MIA,0.014,79.127,743
CLARISSA,0.014,79.141,744
LIDIA,0.014,79.155,745
CORRINE,0.014,79.169,746
ALEXANDRIA,0.014,79.183,747
CONCEPCION,0.014,79.196,748
TIA,0.014,79.210,749
SHARRON,0.014,79.224,750
RAE,0.014,79.238,751
DONA,0.014,79.251,752
ERICKA,0.014,79.265,753
JAMI,0.014,79.278,754
ELNORA,0.014,79.292,755
CHANDRA,0.014,79.306,756
LENORE,0.014,79.319,757
NEVA,0.013,79.333,758
MARYLOU,0.013,79.346,759
MELISA,0.013,79.360,760
TABATHA,0.013,79.373,761
SERENA,0.013,79.386,762
AVIS,0.013,79.400,763
ALLIE,0.013,79.413,764
SOFIA,0.013,79.426,765
JEANIE,0.013,79.439,766
ODESSA,0.013,79.453,767
NANNIE,0.013,79.466,768
HARRIETT,0.013,79.479,769
LORAINE,0.013,79.492,770
PENELOPE,0.013,79.505,771
MILAGROS,0.013,79.518,772
EMILIA,0.013,79.531,773
BENITA,0.013,79.544,774
ALLYSON,0.013,79.557,775
ASHLEE,0.013,79.570,776
TANIA,0.013,79.583,777
TOMMIE,0.013,79.596,778
ESMERALDA,0.013,79.608,779
KARINA,0.013,79.621,780
EVE,0.013,79.634,781
PEARLIE,0.013,79.647,782
ZELMA,0.013,79.659,783
MALINDA,0.013,79.672,784
NOREEN,0.013,79.684,785
TAMEKA,0.013,79.697,786
SAUNDRA,0.013,79.710,787
HILLARY,0.013,79.722,788
AMIE,0.013,79.735,789
ALTHEA,0.012,79.747,790
ROSALINDA,0.012,79.760,791
JORDAN,0.012,79.772,792
LILIA,0.012,79.784,793
ALANA,0.012,79.797,794
GAY,0.012,79.809,795
CLARE,0.012,79.821,796
ALEJANDRA,0.012,79.834,797
ELINOR,0.012,79.846,798
MICHAEL,0.012,79.858,799
LORRIE,0.012,79.870,800
JERRI,0.012,79.882,801
DARCY,0.012,79.895,802
EARNESTINE,0.012,79.907,803
CARMELLA,0.012,79.919,804
TAYLOR,0.012,79.931,805
NOEMI,0.012,79.943,806
MARCIE,0.012,79.954,807
LIZA,0.012,79.966,808
ANNABELLE,0.012,79.978,809
LOUISA,0.012,79.990,810
EARLENE,0.012,80.002,811
MALLORY,0.012,80.014,812
CARLENE,0.012,80.025,813
NITA,0.012,80.037,814
SELENA,0.012,80.049,815
TANISHA,0.012,80.060,816
KATY,0.012,80.072,817
JULIANNE,0.012,80.083,818
JOHN,0.012,80.095,819
LAKISHA,0.011,80.106,820
EDWINA,0.011,80.118,821
MARICELA,0.011,80.129,822
MARGERY,0.011,80.141,823
KENYA,0.011,80.152,824
DOLLIE,0.011,80.164,825
ROXIE,0.011,80.175,826
ROSLYN,0.011,80.187,827
KATHRINE,0.011,80.198,828
NANETTE,0.011,80.209,829
CHARMAINE,0.011,80.221,830
LAVONNE,0.011,80.232,831
ILENE,0.011,80.243,832
KRIS,0.011,80.255,833
TAMMI,0.011,80.266,834
SUZETTE,0.011,80.277,835
CORINE,0.011,80.288,836
KAYE,0.011,80.300,837
JERRY,0.011,80.311,838
MERLE,0.011,80.322,839
CHRYSTAL,0.011,80.333,840
LINA,0.011,80.344,841
DEANNE,0.011,80.355,842
LILIAN,0.011,80.366,843
JULIANA,0.011,80.377,844
ALINE,0.011,80.388,845
LUANN,0.011,80.399,846
KASEY,0.011,80.410,847
MARYANNE,0.011,80.421,848
EVANGELINE,0.011,80.432,849
COLETTE,0.011,80.443,850
MELVA,0.011,80.453,851
LAWANDA,0.011,80.464,852
YESENIA,0.011,80.475,853
NADIA,0.011,80.486,854
MADGE,0.011,80.497,855
KATHIE,0.011,80.507,856
EDDIE,0.011,80.518,857
OPHELIA,0.011,80.529,858
VALERIA,0.011,80.539,859
NONA,0.011,80.550,860
MITZI,0.011,80.561,861
MARI,0.011,80.571,862
GEORGETTE,0.011,80.582,863
CLAUDINE,0.011,80.592,864
FRAN,0.011,80.603,865
ALISSA,0.011,80.613,866
ROSEANN,0.010,80.624,867
LAKEISHA,0.010,80.634,868
SUSANNA,0.010,80.645,869
REVA,0.010,80.655,870
DEIDRE,0.010,80.665,871
CHASITY,0.010,80.676,872
SHEREE,0.010,80.686,873
CARLY,0.010,80.697,874
JAMES,0.010,80.707,875
ELVIA,0.010,80.717,876
ALYCE,0.010,80.728,877
DEIRDRE,0.010,80.738,878
GENA,0.010,80.748,879
BRIANA,0.010,80.758,880
ARACELI,0.010,80.769,881
KATELYN,0.010,80.779,882
ROSANNE,0.010,80.789,883
WENDI,0.010,80.799,884
TESSA,0.010,80.810,885
BERTA,0.010,80.820,886
MARVA,0.010,80.830,887
IMELDA,0.010,80.840,888
MARIETTA,0.010,80.850,889
MARCI,0.010,80.860,890
LEONOR,0.010,80.870,891
ARLINE,0.010,80.880,892
SASHA,0.010,80.890,893
MADELYN,0.010,80.900,894
JANNA,0.010,80.910,895
JULIETTE,0.010,80.920,896
DEENA,0.010,80.929,897
AURELIA,0.010,80.939,898
JOSEFA,0.010,80.949,899
AUGUSTA,0.010,80.959,900
LILIANA,0.010,80.968,901
YOUNG,0.010,80.978,902
CHRISTIAN,0.010,80.988,903
LESSIE,0.010,80.997,904
AMALIA,0.010,81.007,905
SAVANNAH,0.010,81.017,906
ANASTASIA,0.010,81.026,907
VILMA,0.010,81.036,908
NATALIA,0.010,81.045,909
ROSELLA,0.010,81.055,910
LYNNETTE,0.010,81.064,911
CORINA,0.010,81.074,912
ALFREDA,0.009,81.083,913
LEANNA,0.009,81.093,914
CAREY,0.009,81.102,915
AMPARO,0.009,81.112,916
COLEEN,0.009,81.121,917
TAMRA,0.009,81.131,918
AISHA,0.009,81.140,919
WILDA,0.009,81.149,920
KARYN,0.009,81.159,921
CHERRY,0.009,81.168,922
QUEEN,0.009,81.177,923
MAURA,0.009,81.187,924
MAI,0.009,81.196,925
EVANGELINA,0.009,81.205,926
ROSANNA,0.009,81.214,927
HALLIE,0.009,81.224,928
ERNA,0.009,81.233,929
ENID,0.009,81.242,930
MARIANA,0.009,81.251,931
LACY,0.009,81.260,932
JULIET,0.009,81.270,933
JACKLYN,0.009,81.279,934
FREIDA,0.009,81.288,935
MADELEINE,0.009,81.297,936
MARA,0.009,81.306,937
HESTER,0.009,81.315,938
CATHRYN,0.009,81.324,939
LELIA,0.009,81.333,940
CASANDRA,0.009,81.343,941
BRIDGETT,0.009,81.352,942
ANGELITA,0.009,81.361,943
JANNIE,0.009,81.370,944
DIONNE,0.009,81.379,945
ANNMARIE,0.009,81.388,946
KATINA,0.009,81.397,947
BERYL,0.009,81.405,948
PHOEBE,0.009,81.414,949
MILLICENT,0.009,81.423,950
KATHERYN,0.009,81.432,951
DIANN,0.009,81.441,952
CARISSA,0.009,81.450,953
MARYELLEN,0.009,81.459,954
LIZ,0.009,81.468,955
LAURI,0.009,81.476,956
HELGA,0.009,81.485,957
GILDA,0.009,81.494,958
ADRIAN,0.009,81.503,959
RHEA,0.009,81.511,960
MARQUITA,0.009,81.520,961
HOLLIE,0.009,81.529,962
TISHA,0.009,81.538,963
TAMERA,0.009,81.546,964
ANGELIQUE,0.009,81.555,965
FRANCESCA,0.009,81.564,966
BRITNEY,0.009,81.573,967
KAITLIN,0.009,81.581,968
LOLITA,0.009,81.590,969
FLORINE,0.009,81.599,970
ROWENA,0.009,81.607,971
REYNA,0.009,81.616,972
TWILA,0.009,81.624,973
FANNY,0.009,81.633,974
JANELL,0.009,81.641,975
INES,0.009,81.650,976
CONCETTA,0.009,81.658,977
BERTIE,0.009,81.667,978
ALBA,0.009,81.676,979
BRIGITTE,0.009,81.684,980
ALYSON,0.009,81.693,981
VONDA,0.008,81.701,982
PANSY,0.008,81.710,983
ELBA,0.008,81.718,984
NOELLE,0.008,81.726,985
LETITIA,0.008,81.735,986
KITTY,0.008,81.743,987
DEANN,0.008,81.752,988
BRANDIE,0.008,81.760,989
LOUELLA,0.008,81.769,990
LETA,0.008,81.777,991
FELECIA,0.008,81.786,992
SHARLENE,0.008,81.794,993
LESA,0.008,81.802,994
BEVERLEY,0.008,81.811,995
ROBERT,0.008,81.819,996
ISABELLA,0.008,81.827,997
HERMINIA,0.008,81.836,998
TERRA,0.008,81.844,999
CELINA,0.008,81.852,1000
JAMES,3.318,3.318,1
JOHN,3.271,6.589,2
ROBERT,3.143,9.732,3
MICHAEL,2.629,12.361,4
WILLIAM,2.451,14.812,5
DAVID,2.363,17.176,6
RICHARD,1.703,18.878,7
CHARLES,1.523,20.401,8
JOSEPH,1.404,21.805,9
THOMAS,1.380,23.185,10
CHRISTOPHER,1.035,24.220,11
DANIEL,0.974,25.194,12
PAUL,0.948,26.142,13
MARK,0.938,27.081,14
DONALD,0.931,28.012,15
GEORGE,0.927,28.939,16
KENNETH,0.826,29.766,17
STEVEN,0.780,30.546,18
EDWARD,0.779,31.325,19
BRIAN,0.736,32.061,20
RONALD,0.725,32.787,21
ANTHONY,0.721,33.508,22
KEVIN,0.671,34.179,23
JASON,0.660,34.839,24
MATTHEW,0.657,35.496,25
GARY,0.650,36.147,26
TIMOTHY,0.640,36.786,27
JOSE,0.613,37.399,28
LARRY,0.598,37.997,29
JEFFREY,0.591,38.588,30
FRANK,0.581,39.169,31
SCOTT,0.546,39.715,32
ERIC,0.544,40.259,33
STEPHEN,0.540,40.799,34
ANDREW,0.537,41.335,35
RAYMOND,0.488,41.824,36
GREGORY,0.441,42.265,37
JOSHUA,0.435,42.700,38
JERRY,0.432,43.132,39
DENNIS,0.415,43.547,40
WALTER,0.399,43.946,41
PATRICK,0.389,44.335,42
PETER,0.381,44.716,43
HAROLD,0.371,45.087,44
DOUGLAS,0.367,45.454,45
HENRY,0.365,45.819,46
CARL,0.346,46.165,47
ARTHUR,0.335,46.500,48
RYAN,0.328,46.828,49
ROGER,0.322,47.150,50
JOE,0.321,47.471,51
JUAN,0.316,47.786,52
JACK,0.315,48.102,53
ALBERT,0.314,48.415,54
JONATHAN,0.313,48.729,55
JUSTIN,0.311,49.040,56
TERRY,0.311,49.351,57
GERALD,0.309,49.660,58
KEITH,0.308,49.968,59
SAMUEL,0.306,50.274,60
WILLIE,0.302,50.576,61
RALPH,0.282,50.859,62
LAWRENCE,0.282,51.141,63
NICHOLAS,0.275,51.415,64
ROY,0.273,51.688,65
BENJAMIN,0.270,51.958,66
BRUCE,0.263,52.221,67
BRANDON,0.260,52.480,68
ADAM,0.259,52.740,69
HARRY,0.251,52.991,70
FRED,0.251,53.241,71
WAYNE,0.249,53.490,72
BILLY,0.248,53.738,73
STEVE,0.246,53.984,74
LOUIS,0.243,54.227,75
JEREMY,0.242,54.469,76
AARON,0.240,54.710,77
RANDY,0.232,54.942,78
HOWARD,0.230,55.172,79
EUGENE,0.230,55.402,80
CARLOS,0.229,55.630,81
RUSSELL,0.224,55.854,82
BOBBY,0.223,56.077,83
VICTOR,0.222,56.299,84
MARTIN,0.216,56.515,85
ERNEST,0.215,56.730,86
PHILLIP,0.213,56.942,87
TODD,0.213,57.155,88
JESSE,0.209,57.364,89
CRAIG,0.206,57.570,90
ALAN,0.204,57.774,91
SHAWN,0.200,57.973,92
CLARENCE,0.197,58.170,93
SEAN,0.197,58.368,94
PHILIP,0.197,58.565,95
CHRIS,0.197,58.761,96
JOHNNY,0.195,58.957,97
EARL,0.193,59.149,98
JIMMY,0.191,59.340,99
ANTONIO,0.190,59.531,100
DANNY,0.190,59.720,101
BRYAN,0.190,59.910,102
TONY,0.190,60.100,103
LUIS,0.189,60.289,104
MIKE,0.189,60.478,105
STANLEY,0.186,60.665,106
LEONARD,0.186,60.850,107
NATHAN,0.185,61.035,108
DALE,0.184,61.219,109
MANUEL,0.181,61.400,110
RODNEY,0.180,61.581,111
CURTIS,0.180,61.761,112
NORMAN,0.177,61.938,113
ALLEN,0.174,62.112,114
MARVIN,0.171,62.283,115
VINCENT,0.168,62.450,116
GLENN,0.167,62.617,117
JEFFERY,0.166,62.783,118
TRAVIS,0.166,62.949,119
JEFF,0.166,63.114,120
CHAD,0.165,63.279,121
JACOB,0.165,63.444,122
LEE,0.162,63.606,123
MELVIN,0.162,63.768,124
ALFRED,0.162,63.930,125
KYLE,0.160,64.090,126
FRANCIS,0.160,64.250,127
BRADLEY,0.159,64.409,128
JESUS,0.155,64.564,129
HERBERT,0.155,64.719,130
FREDERICK,0.154,64.873,131
RAY,0.153,65.026,132
JOEL,0.152,65.177,133
EDWIN,0.148,65.326,134
DON,0.145,65.471,135
EDDIE,0.144,65.615,136
RICKY,0.141,65.756,137
TROY,0.138,65.895,138
RANDALL,0.138,66.032,139
BARRY,0.134,66.167,140
ALEXANDER,0.132,66.299,141
BERNARD,0.127,66.427,142
MARIO,0.125,66.552,143
LEROY,0.125,66.676,144
FRANCISCO,0.124,66.801,145
MARCUS,0.124,66.925,146
MICHEAL,0.123,67.048,147
THEODORE,0.123,67.171,148
CLIFFORD,0.123,67.293,149
MIGUEL,0.122,67.415,150
OSCAR,0.122,67.538,151
JAY,0.118,67.656,152
JIM,0.118,67.773,153
TOM,0.117,67.890,154
CALVIN,0.115,68.006,155
ALEX,0.115,68.120,156
JON,0.115,68.235,157
RONNIE,0.113,68.348,158
BILL,0.112,68.461,159
LLOYD,0.112,68.573,160
TOMMY,0.112,68.685,161
LEON,0.112,68.797,162
DEREK,0.112,68.908,163
WARREN,0.110,69.018,164
DARRELL,0.108,69.126,165
JEROME,0.108,69.234,166
FLOYD,0.107,69.340,167
LEO,0.106,69.446,168
ALVIN,0.105,69.551,169
TIM,0.104,69.656,170
WESLEY,0.104,69.760,171
GORDON,0.104,69.864,172
DEAN,0.104,69.968,173
GREG,0.104,70.071,174
JORGE,0.104,70.175,175
DUSTIN,0.103,70.278,176
PEDRO,0.103,70.381,177
DERRICK,0.103,70.484,178
DAN,0.101,70.585,179
LEWIS,0.099,70.684,180
ZACHARY,0.099,70.782,181
COREY,0.098,70.880,182
HERMAN,0.097,70.977,183
MAURICE,0.097,71.074,184
VERNON,0.097,71.171,185
ROBERTO,0.097,71.268,186
CLYDE,0.095,71.363,187
GLEN,0.094,71.457,188
HECTOR,0.094,71.551,189
SHANE,0.093,71.645,190
RICARDO,0.093,71.738,191
SAM,0.092,71.830,192
RICK,0.091,71.921,193
LESTER,0.091,72.011,194
BRENT,0.090,72.102,195
RAMON,0.090,72.192,196
CHARLIE,0.090,72.281,197
TYLER,0.089,72.371,198
GILBERT,0.089,72.460,199
GENE,0.087,72.547,200
MARC,0.087,72.634,201
REGINALD,0.084,72.717,202
RUBEN,0.082,72.800,203
BRETT,0.082,72.882,204
ANGEL,0.082,72.964,205
NATHANIEL,0.081,73.045,206
RAFAEL,0.081,73.126,207
LESLIE,0.081,73.207,208
EDGAR,0.080,73.287,209
MILTON,0.080,73.367,210
RAUL,0.079,73.446,211
BEN,0.078,73.524,212
CHESTER,0.078,73.602,213
CECIL,0.078,73.680,214
DUANE,0.077,73.757,215
FRANKLIN,0.077,73.834,216
ANDRE,0.076,73.910,217
ELMER,0.074,73.984,218
BRAD,0.073,74.057,219
GABRIEL,0.073,74.130,220
RON,0.072,74.202,221
MITCHELL,0.072,74.274,222
ROLAND,0.072,74.347,223
ARNOLD,0.072,74.419,224
HARVEY,0.072,74.491,225
JARED,0.071,74.562,226
ADRIAN,0.069,74.631,227
KARL,0.069,74.699,228
CORY,0.068,74.767,229
CLAUDE,0.068,74.835,230
ERIK,0.068,74.903,231
DARRYL,0.067,74.970,232
JAMIE,0.066,75.037,233
NEIL,0.066,75.102,234
JESSIE,0.065,75.168,235
CHRISTIAN,0.065,75.233,236
JAVIER,0.065,75.297,237
FERNANDO,0.065,75.362,238
CLINTON,0.065,75.427,239
TED,0.064,75.491,240
MATHEW,0.064,75.555,241
TYRONE,0.064,75.619,242
DARREN,0.064,75.683,243
LONNIE,0.064,75.746,244
LANCE,0.063,75.810,245
CODY,0.063,75.873,246
JULIO,0.063,75.936,247
KELLY,0.063,75.998,248
KURT,0.062,76.061,249
ALLAN,0.061,76.122,250
NELSON,0.061,76.182,251
GUY,0.060,76.243,252
CLAYTON,0.060,76.303,253
HUGH,0.060,76.363,254
MAX,0.059,76.421,255
DWAYNE,0.059,76.480,256
DWIGHT,0.058,76.538,257
ARMANDO,0.058,76.596,258
FELIX,0.058,76.654,259
JIMMIE,0.058,76.711,260
EVERETT,0.057,76.768,261
JORDAN,0.056,76.824,262
IAN,0.056,76.880,263
WALLACE,0.056,76.936,264
KEN,0.055,76.991,265
BOB,0.055,77.047,266
JAIME,0.055,77.102,267
CASEY,0.054,77.156,268
ALFREDO,0.054,77.210,269
ALBERTO,0.053,77.263,270
DAVE,0.053,77.316,271
IVAN,0.053,77.369,272
JOHNNIE,0.052,77.421,273
SIDNEY,0.052,77.474,274
BYRON,0.052,77.526,275
JULIAN,0.052,77.578,276
ISAAC,0.051,77.629,277
MORRIS,0.051,77.680,278
CLIFTON,0.050,77.730,279
WILLARD,0.050,77.780,280
DARYL,0.050,77.831,281
ROSS,0.050,77.880,282
VIRGIL,0.049,77.929,283
ANDY,0.049,77.979,284
MARSHALL,0.049,78.028,285
SALVADOR,0.049,78.077,286
PERRY,0.049,78.126,287
KIRK,0.049,78.175,288
SERGIO,0.049,78.224,289
MARION,0.048,78.272,290
TRACY,0.048,78.320,291
SETH,0.048,78.368,292
KENT,0.048,78.416,293
TERRANCE,0.048,78.464,294
RENE,0.048,78.512,295
EDUARDO,0.047,78.559,296
TERRENCE,0.047,78.606,297
ENRIQUE,0.046,78.652,298
FREDDIE,0.046,78.698,299
WADE,0.045,78.743,300
AUSTIN,0.044,78.786,301
STUART,0.044,78.830,302
FREDRICK,0.043,78.873,303
ARTURO,0.043,78.917,304
ALEJANDRO,0.043,78.960,305
JACKIE,0.043,79.002,306
JOEY,0.043,79.045,307
NICK,0.043,79.088,308
LUTHER,0.043,79.130,309
WENDELL,0.042,79.172,310
JEREMIAH,0.042,79.215,311
EVAN,0.042,79.257,312
JULIUS,0.042,79.298,313
DANA,0.042,79.340,314
DONNIE,0.041,79.381,315
OTIS,0.041,79.422,316
SHANNON,0.040,79.462,317
TREVOR,0.040,79.503,318
OLIVER,0.040,79.543,319
LUKE,0.040,79.583,320
HOMER,0.040,79.623,321
GERARD,0.040,79.663,322
DOUG,0.040,79.703,323
KENNY,0.039,79.742,324
HUBERT,0.039,79.782,325
ANGELO,0.039,79.821,326
SHAUN,0.039,79.859,327
LYLE,0.038,79.898,328
MATT,0.038,79.936,329
LYNN,0.038,79.974,330
ALFONSO,0.038,80.012,331
ORLANDO,0.037,80.049,332
REX,0.037,80.086,333
CARLTON,0.037,80.123,334
ERNESTO,0.037,80.160,335
CAMERON,0.037,80.197,336
NEAL,0.037,80.233,337
PABLO,0.036,80.270,338
LORENZO,0.036,80.306,339
OMAR,0.036,80.342,340
WILBUR,0.036,80.378,341
BLAKE,0.036,80.414,342
GRANT,0.036,80.450,343
HORACE,0.036,80.486,344
RODERICK,0.036,80.521,345
KERRY,0.036,80.557,346
ABRAHAM,0.035,80.592,347
WILLIS,0.035,80.627,348
RICKEY,0.035,80.662,349
JEAN,0.035,80.696,350
IRA,0.035,80.731,351
ANDRES,0.034,80.766,352
CESAR,0.034,80.800,353
JOHNATHAN,0.034,80.834,354
MALCOLM,0.034,80.868,355
RUDOLPH,0.034,80.902,356
DAMON,0.034,80.936,357
KELVIN,0.034,80.970,358
RUDY,0.034,81.004,359
PRESTON,0.034,81.037,360
ALTON,0.033,81.071,361
ARCHIE,0.033,81.104,362
MARCO,0.033,81.137,363
WM,0.033,81.170,364
PETE,0.032,81.202,365
RANDOLPH,0.032,81.234,366
GARRY,0.032,81.267,367
GEOFFREY,0.032,81.299,368
JONATHON,0.032,81.331,369
FELIPE,0.032,81.363,370
BENNIE,0.032,81.395,371
GERARDO,0.032,81.427,372
ED,0.032,81.458,373
DOMINIC,0.032,81.490,374
ROBIN,0.032,81.522,375
LOREN,0.032,81.553,376
DELBERT,0.031,81.585,377
COLIN,0.031,81.616,378
GUILLERMO,0.031,81.647,379
EARNEST,0.031,81.678,380
LUCAS,0.031,81.709,381
BENNY,0.030,81.739,382
NOEL,0.030,81.769,383
SPENCER,0.030,81.799,384
RODOLFO,0.030,81.828,385
MYRON,0.030,81.858,386
EDMUND,0.030,81.887,387
GARRETT,0.029,81.917,388
SALVATORE,0.029,81.946,389
CEDRIC,0.029,81.975,390
LOWELL,0.029,82.004,391
GREGG,0.029,82.032,392
SHERMAN,0.028,82.061,393
WILSON,0.028,82.089,394
DEVIN,0.028,82.117,395
SYLVESTER,0.028,82.145,396
KIM,0.028,82.173,397
ROOSEVELT,0.028,82.201,398
ISRAEL,0.028,82.229,399
JERMAINE,0.028,82.257,400
FORREST,0.027,82.284,401
WILBERT,0.027,82.310,402
LELAND,0.027,82.337,403
SIMON,0.026,82.363,404
GUADALUPE,0.026,82.390,405
CLARK,0.026,82.416,406
IRVING,0.026,82.442,407
CARROLL,0.026,82.468,408
BRYANT,0.026,82.494,409
OWEN,0.026,82.519,410
RUFUS,0.025,82.545,411
WOODROW,0.025,82.570,412
SAMMY,0.025,82.595,413
KRISTOPHER,0.025,82.620,414
MACK,0.025,82.645,415
LEVI,0.025,82.670,416
MARCOS,0.025,82.695,417
GUSTAVO,0.025,82.720,418
JAKE,0.025,82.744,419
LIONEL,0.024,82.769,420
MARTY,0.024,82.793,421
TAYLOR,0.024,82.817,422
ELLIS,0.024,82.842,423
DALLAS,0.024,82.866,424
GILBERTO,0.024,82.890,425
CLINT,0.024,82.914,426
NICOLAS,0.024,82.938,427
LAURENCE,0.024,82.962,428
ISMAEL,0.024,82.985,429
ORVILLE,0.024,83.009,430
DREW,0.024,83.033,431
JODY,0.024,83.056,432
ERVIN,0.023,83.080,433
DEWEY,0.023,83.103,434
AL,0.023,83.126,435
WILFRED,0.023,83.150,436
JOSH,0.023,83.173,437
HUGO,0.023,83.196,438
IGNACIO,0.023,83.219,439
CALEB,0.023,83.241,440
TOMAS,0.023,83.264,441
SHELDON,0.023,83.287,442
ERICK,0.023,83.310,443
FRANKIE,0.023,83.332,444
STEWART,0.022,83.354,445
DOYLE,0.022,83.377,446
DARREL,0.022,83.399,447
ROGELIO,0.022,83.421,448
TERENCE,0.022,83.443,449
SANTIAGO,0.022,83.465,450
ALONZO,0.022,83.487,451
ELIAS,0.022,83.508,452
BERT,0.022,83.530,453
ELBERT,0.022,83.552,454
RAMIRO,0.022,83.573,455
CONRAD,0.022,83.595,456
PAT,0.022,83.616,457
NOAH,0.022,83.638,458
GRADY,0.021,83.659,459
PHIL,0.021,83.681,460
CORNELIUS,0.021,83.702,461
LAMAR,0.021,83.723,462
ROLANDO,0.021,83.744,463
CLAY,0.021,83.765,464
PERCY,0.021,83.786,465
DEXTER,0.021,83.806,466
BRADFORD,0.021,83.827,467
MERLE,0.021,83.848,468
DARIN,0.020,83.868,469
AMOS,0.020,83.888,470
TERRELL,0.020,83.909,471
MOSES,0.020,83.929,472
IRVIN,0.020,83.949,473
SAUL,0.020,83.968,474
ROMAN,0.020,83.988,475
DARNELL,0.020,84.008,476
RANDAL,0.020,84.027,477
TOMMIE,0.020,84.047,478
TIMMY,0.019,84.066,479
DARRIN,0.019,84.086,480
WINSTON,0.019,84.105,481
BRENDAN,0.019,84.124,482
TOBY,0.019,84.144,483
VAN,0.019,84.163,484
ABEL,0.019,84.182,485
DOMINICK,0.019,84.201,486
BOYD,0.019,84.220,487
COURTNEY,0.019,84.240,488
JAN,0.019,84.259,489
EMILIO,0.019,84.277,490
ELIJAH,0.019,84.296,491
CARY,0.019,84.315,492
DOMINGO,0.019,84.334,493
SANTOS,0.019,84.353,494
AUBREY,0.019,84.372,495
EMMETT,0.019,84.390,496
MARLON,0.019,84.409,497
EMANUEL,0.019,84.428,498
JERALD,0.019,84.446,499
EDMOND,0.019,84.465,500
EMIL,0.019,84.483,501
DEWAYNE,0.018,84.502,502
WILL,0.018,84.520,503
OTTO,0.018,84.538,504
TEDDY,0.018,84.556,505
REYNALDO,0.018,84.574,506
BRET,0.018,84.592,507
MORGAN,0.018,84.610,508
JESS,0.018,84.628,509
TRENT,0.018,84.646,510
HUMBERTO,0.018,84.664,511
EMMANUEL,0.018,84.681,512
STEPHAN,0.018,84.699,513
LOUIE,0.018,84.717,514
VICENTE,0.017,84.734,515
LAMONT,0.017,84.751,516
STACY,0.017,84.769,517
GARLAND,0.017,84.786,518
MILES,0.017,84.803,519
MICAH,0.017,84.820,520
EFRAIN,0.017,84.837,521
BILLIE,0.017,84.854,522
LOGAN,0.017,84.871,523
HEATH,0.017,84.887,524
RODGER,0.017,84.904,525
HARLEY,0.017,84.921,526
DEMETRIUS,0.017,84.937,527
ETHAN,0.017,84.954,528
ELDON,0.017,84.970,529
ROCKY,0.016,84.987,530
PIERRE,0.016,85.003,531
JUNIOR,0.016,85.020,532
FREDDY,0.016,85.036,533
ELI,0.016,85.052,534
BRYCE,0.016,85.068,535
ANTOINE,0.016,85.084,536
ROBBIE,0.016,85.100,537
KENDALL,0.016,85.116,538
ROYCE,0.016,85.132,539
STERLING,0.016,85.148,540
MICKEY,0.016,85.164,541
CHASE,0.016,85.180,542
GROVER,0.016,85.196,543
ELTON,0.016,85.212,544
CLEVELAND,0.016,85.228,545
DYLAN,0.016,85.243,546
CHUCK,0.016,85.259,547
DAMIAN,0.016,85.274,548
REUBEN,0.015,85.290,549
STAN,0.015,85.305,550
AUGUST,0.015,85.321,551
LEONARDO,0.015,85.336,552
JASPER,0.015,85.351,553
RUSSEL,0.015,85.367,554
ERWIN,0.015,85.382,555
BENITO,0.015,85.397,556
HANS,0.015,85.412,557
MONTE,0.015,85.427,558
BLAINE,0.015,85.442,559
ERNIE,0.015,85.456,560
CURT,0.015,85.471,561
QUENTIN,0.015,85.486,562
AGUSTIN,0.015,85.500,563
MURRAY,0.015,85.515,564
JAMAL,0.014,85.529,565
DEVON,0.014,85.544,566
ADOLFO,0.014,85.558,567
HARRISON,0.014,85.573,568
TYSON,0.014,85.587,569
BURTON,0.014,85.601,570
BRADY,0.014,85.616,571
ELLIOTT,0.014,85.630,572
WILFREDO,0.014,85.644,573
BART,0.014,85.658,574
JARROD,0.014,85.672,575
VANCE,0.014,85.686,576
DENIS,0.014,85.700,577
DAMIEN,0.014,85.714,578
JOAQUIN,0.014,85.728,579
HARLAN,0.014,85.742,580
DESMOND,0.014,85.756,581
ELLIOT,0.014,85.770,582
DARWIN,0.014,85.783,583
ASHLEY,0.014,85.797,584
GREGORIO,0.014,85.811,585
BUDDY,0.014,85.824,586
XAVIER,0.013,85.838,587
KERMIT,0.013,85.851,588
ROSCOE,0.013,85.865,589
ESTEBAN,0.013,85.878,590
ANTON,0.013,85.891,591
SOLOMON,0.013,85.904,592
SCOTTY,0.013,85.917,593
NORBERT,0.013,85.930,594
ELVIN,0.013,85.943,595
WILLIAMS,0.013,85.956,596
NOLAN,0.013,85.969,597
CAREY,0.013,85.982,598
ROD,0.013,85.994,599
QUINTON,0.013,86.007,600
HAL,0.013,86.020,601
BRAIN,0.013,86.033,602
ROB,0.013,86.045,603
ELWOOD,0.013,86.058,604
KENDRICK,0.013,86.070,605
DARIUS,0.013,86.083,606
MOISES,0.013,86.096,607
SON,0.012,86.108,608
MARLIN,0.012,86.120,609
FIDEL,0.012,86.133,610
THADDEUS,0.012,86.145,611
CLIFF,0.012,86.158,612
MARCEL,0.012,86.170,613
ALI,0.012,86.182,614
JACKSON,0.012,86.195,615
RAPHAEL,0.012,86.207,616
BRYON,0.012,86.219,617
ARMAND,0.012,86.231,618
ALVARO,0.012,86.244,619
JEFFRY,0.012,86.256,620
DANE,0.012,86.268,621
JOESPH,0.012,86.280,622
THURMAN,0.012,86.292,623
NED,0.012,86.304,624
SAMMIE,0.012,86.316,625
RUSTY,0.012,86.328,626
MICHEL,0.012,86.339,627
MONTY,0.012,86.351,628
RORY,0.012,86.363,629
FABIAN,0.012,86.374,630
REGGIE,0.012,86.386,631
MASON,0.012,86.397,632
GRAHAM,0.012,86.409,633
KRIS,0.011,86.420,634
ISAIAH,0.011,86.432,635
VAUGHN,0.011,86.443,636
GUS,0.011,86.454,637
AVERY,0.011,86.466,638
LOYD,0.011,86.477,639
DIEGO,0.011,86.488,640
ALEXIS,0.011,86.499,641
ADOLPH,0.011,86.511,642
NORRIS,0.011,86.522,643
MILLARD,0.011,86.533,644
ROCCO,0.011,86.544,645
GONZALO,0.011,86.555,646
DERICK,0.011,86.566,647
RODRIGO,0.011,86.577,648
GERRY,0.011,86.588,649
STACEY,0.011,86.599,650
CARMEN,0.011,86.610,651
WILEY,0.011,86.621,652
RIGOBERTO,0.011,86.632,653
ALPHONSO,0.011,86.643,654
TY,0.011,86.654,655
SHELBY,0.011,86.664,656
RICKIE,0.011,86.675,657
NOE,0.011,86.686,658
VERN,0.010,86.696,659
BOBBIE,0.010,86.707,660
REED,0.010,86.717,661
JEFFERSON,0.010,86.727,662
ELVIS,0.010,86.738,663
BERNARDO,0.010,86.748,664
MAURICIO,0.010,86.758,665
HIRAM,0.010,86.768,666
DONOVAN,0.010,86.778,667
BASIL,0.010,86.789,668
RILEY,0.010,86.799,669
OLLIE,0.010,86.809,670
NICKOLAS,0.010,86.819,671
MAYNARD,0.010,86.829,672
SCOT,0.010,86.840,673
VINCE,0.010,86.850,674
QUINCY,0.010,86.860,675
EDDY,0.010,86.870,676
SEBASTIAN,0.010,86.880,677
FEDERICO,0.010,86.890,678
ULYSSES,0.010,86.900,679
HERIBERTO,0.010,86.910,680
DONNELL,0.010,86.920,681
COLE,0.010,86.929,682
DENNY,0.010,86.939,683
DAVIS,0.010,86.949,684
GAVIN,0.010,86.959,685
EMERY,0.010,86.969,686
WARD,0.010,86.979,687
ROMEO,0.010,86.989,688
JAYSON,0.010,86.998,689
DION,0.010,87.008,690
DANTE,0.010,87.018,691
CLEMENT,0.010,87.028,692
COY,0.010,87.037,693
ODELL,0.010,87.047,694
MAXWELL,0.010,87.057,695
JARVIS,0.010,87.066,696
BRUNO,0.010,87.076,697
ISSAC,0.010,87.086,698
MARY,0.009,87.095,699
DUDLEY,0.009,87.104,700
BROCK,0.009,87.114,701
SANFORD,0.009,87.123,702
COLBY,0.009,87.133,703
CARMELO,0.009,87.142,704
BARNEY,0.009,87.152,705
NESTOR,0.009,87.161,706
HOLLIS,0.009,87.170,707
STEFAN,0.009,87.180,708
DONNY,0.009,87.189,709
ART,0.009,87.198,710
LINWOOD,0.009,87.208,711
BEAU,0.009,87.217,712
WELDON,0.009,87.226,713
GALEN,0.009,87.235,714
ISIDRO,0.009,87.244,715
TRUMAN,0.009,87.253,716
DELMAR,0.009,87.262,717
JOHNATHON,0.009,87.271,718
SILAS,0.009,87.280,719
FREDERIC,0.009,87.289,720
DICK,0.009,87.298,721
KIRBY,0.009,87.307,722
IRWIN,0.009,87.316,723
CRUZ,0.009,87.325,724
MERLIN,0.009,87.334,725
MERRILL,0.009,87.343,726
CHARLEY,0.009,87.351,727
MARCELINO,0.009,87.360,728
LANE,0.009,87.369,729
HARRIS,0.009,87.378,730
CLEO,0.009,87.386,731
CARLO,0.009,87.395,732
TRENTON,0.009,87.404,733
KURTIS,0.009,87.413,734
HUNTER,0.009,87.421,735
AURELIO,0.009,87.430,736
WINFRED,0.009,87.438,737
VITO,0.009,87.447,738
COLLIN,0.009,87.456,739
DENVER,0.009,87.464,740
CARTER,0.009,87.473,741
LEONEL,0.008,87.481,742
EMORY,0.008,87.490,743
PASQUALE,0.008,87.498,744
MOHAMMAD,0.008,87.506,745
MARIANO,0.008,87.514,746
DANIAL,0.008,87.523,747
BLAIR,0.008,87.531,748
LANDON,0.008,87.539,749
DIRK,0.008,87.548,750
BRANDEN,0.008,87.556,751
ADAN,0.008,87.564,752
NUMBERS,0.008,87.572,753
CLAIR,0.008,87.581,754
BUFORD,0.008,87.589,755
GERMAN,0.008,87.597,756
BERNIE,0.008,87.605,757
WILMER,0.008,87.613,758
JOAN,0.008,87.621,759
EMERSON,0.008,87.629,760
ZACHERY,0.008,87.637,761
FLETCHER,0.008,87.645,762
JACQUES,0.008,87.653,763
ERROL,0.008,87.661,764
DALTON,0.008,87.669,765
MONROE,0.008,87.676,766
JOSUE,0.008,87.684,767
DOMINIQUE,0.008,87.692,768
EDWARDO,0.008,87.700,769
BOOKER,0.008,87.708,770
WILFORD,0.008,87.715,771
SONNY,0.008,87.723,772
SHELTON,0.008,87.731,773
CARSON,0.008,87.739,774
THERON,0.008,87.746,775
RAYMUNDO,0.008,87.754,776
DAREN,0.008,87.762,777
TRISTAN,0.008,87.769,778
HOUSTON,0.008,87.777,779
ROBBY,0.008,87.785,780
LINCOLN,0.008,87.792,781
JAME,0.008,87.800,782
GENARO,0.008,87.807,783
GALE,0.008,87.815,784
BENNETT,0.008,87.822,785
OCTAVIO,0.008,87.830,786
CORNELL,0.008,87.838,787
LAVERNE,0.008,87.845,788
HUNG,0.008,87.853,789
ARRON,0.008,87.860,790
ANTONY,0.008,87.868,791
HERSCHEL,0.007,87.875,792
ALVA,0.007,87.883,793
GIOVANNI,0.007,87.890,794
GARTH,0.007,87.897,795
CYRUS,0.007,87.905,796
CYRIL,0.007,87.912,797
RONNY,0.007,87.920,798
STEVIE,0.007,87.927,799
LON,0.007,87.934,800
FREEMAN,0.007,87.941,801
ERIN,0.007,87.949,802
DUNCAN,0.007,87.956,803
KENNITH,0.007,87.963,804
CARMINE,0.007,87.970,805
AUGUSTINE,0.007,87.978,806
YOUNG,0.007,87.985,807
ERICH,0.007,87.992,808
CHADWICK,0.007,87.999,809
WILBURN,0.007,88.006,810
RUSS,0.007,88.013,811
REID,0.007,88.021,812
MYLES,0.007,88.028,813
ANDERSON,0.007,88.035,814
MORTON,0.007,88.042,815
JONAS,0.007,88.049,816
FOREST,0.007,88.056,817
MITCHEL,0.007,88.063,818
MERVIN,0.007,88.070,819
ZANE,0.007,88.077,820
RICH,0.007,88.084,821
JAMEL,0.007,88.091,822
LAZARO,0.007,88.098,823
ALPHONSE,0.007,88.105,824
RANDELL,0.007,88.112,825
MAJOR,0.007,88.119,826
JOHNIE,0.007,88.126,827
JARRETT,0.007,88.133,828
BROOKS,0.007,88.140,829
ARIEL,0.007,88.147,830
ABDUL,0.007,88.154,831
DUSTY,0.007,88.161,832
LUCIANO,0.007,88.168,833
LINDSEY,0.007,88.174,834
TRACEY,0.007,88.181,835
SEYMOUR,0.007,88.188,836
SCOTTIE,0.007,88.195,837
EUGENIO,0.007,88.202,838
MOHAMMED,0.007,88.208,839
SANDY,0.007,88.215,840
VALENTIN,0.007,88.222,841
CHANCE,0.007,88.228,842
ARNULFO,0.007,88.235,843
LUCIEN,0.007,88.242,844
FERDINAND,0.007,88.248,845
THAD,0.007,88.255,846
EZRA,0.007,88.262,847
SYDNEY,0.007,88.268,848
ALDO,0.007,88.275,849
RUBIN,0.006,88.281,850
ROYAL,0.006,88.288,851
MITCH,0.006,88.294,852
EARLE,0.006,88.301,853
ABE,0.006,88.307,854
WYATT,0.006,88.314,855
MARQUIS,0.006,88.320,856
LANNY,0.006,88.326,857
KAREEM,0.006,88.333,858
JAMAR,0.006,88.339,859
BORIS,0.006,88.346,860
ISIAH,0.006,88.352,861
EMILE,0.006,88.358,862
ELMO,0.006,88.365,863
ARON,0.006,88.371,864
LEOPOLDO,0.006,88.377,865
EVERETTE,0.006,88.384,866
JOSEF,0.006,88.390,867
GAIL,0.006,88.396,868
ELOY,0.006,88.403,869
DORIAN,0.006,88.409,870
RODRICK,0.006,88.415,871
REINALDO,0.006,88.421,872
LUCIO,0.006,88.427,873
JERROD,0.006,88.434,874
WESTON,0.006,88.440,875
HERSHEL,0.006,88.446,876
BARTON,0.006,88.452,877
PARKER,0.006,88.458,878
LEMUEL,0.006,88.464,879
LAVERN,0.006,88.470,880
BURT,0.006,88.477,881
JULES,0.006,88.483,882
GIL,0.006,88.489,883
ELISEO,0.006,88.495,884
AHMAD,0.006,88.501,885
NIGEL,0.006,88.507,886
EFREN,0.006,88.513,887
ANTWAN,0.006,88.519,888
ALDEN,0.006,88.525,889
MARGARITO,0.006,88.531,890
COLEMAN,0.006,88.537,891
REFUGIO,0.006,88.543,892
DINO,0.006,88.549,893
OSVALDO,0.006,88.555,894
LES,0.006,88.560,895
DEANDRE,0.006,88.566,896
NORMAND,0.006,88.572,897
KIETH,0.006,88.578,898
IVORY,0.006,88.584,899
ANDREA,0.006,88.590,900
TREY,0.006,88.595,901
NORBERTO,0.006,88.601,902
NAPOLEON,0.006,88.607,903
JEROLD,0.006,88.613,904
FRITZ,0.006,88.619,905
ROSENDO,0.006,88.624,906
MILFORD,0.006,88.630,907
SANG,0.006,88.636,908
DEON,0.006,88.641,909
CHRISTOPER,0.006,88.647,910
ALFONZO,0.006,88.653,911
LYMAN,0.006,88.658,912
JOSIAH,0.006,88.664,913
BRANT,0.006,88.670,914
WILTON,0.006,88.675,915
RICO,0.006,88.681,916
JAMAAL,0.006,88.687,917
DEWITT,0.006,88.692,918
CAROL,0.006,88.698,919
BRENTON,0.006,88.704,920
YONG,0.006,88.709,921
OLIN,0.006,88.715,922
FOSTER,0.006,88.720,923
FAUSTINO,0.006,88.726,924
CLAUDIO,0.006,88.731,925
JUDSON,0.006,88.737,926
GINO,0.006,88.743,927
EDGARDO,0.006,88.748,928
BERRY,0.006,88.754,929
ALEC,0.006,88.759,930
TANNER,0.006,88.765,931
JARRED,0.006,88.770,932
DONN,0.006,88.776,933
TRINIDAD,0.005,88.781,934
TAD,0.005,88.787,935
SHIRLEY,0.005,88.792,936
PRINCE,0.005,88.798,937
PORFIRIO,0.005,88.803,938
ODIS,0.005,88.809,939
MARIA,0.005,88.814,940
LENARD,0.005,88.820,941
CHAUNCEY,0.005,88.825,942
CHANG,0.005,88.831,943
TOD,0.005,88.836,944
MEL,0.005,88.842,945
MARCELO,0.005,88.847,946
KORY,0.005,88.853,947
AUGUSTUS,0.005,88.858,948
KEVEN,0.005,88.864,949
HILARIO,0.005,88.869,950
BUD,0.005,88.874,951
SAL,0.005,88.880,952
ROSARIO,0.005,88.885,953
ORVAL,0.005,88.891,954
MAURO,0.005,88.896,955
DANNIE,0.005,88.901,956
ZACHARIAH,0.005,88.907,957
OLEN,0.005,88.912,958
ANIBAL,0.005,88.917,959
MILO,0.005,88.923,960
JED,0.005,88.928,961
FRANCES,0.005,88.933,962
THANH,0.005,88.939,963
DILLON,0.005,88.944,964
AMADO,0.005,88.949,965
NEWTON,0.005,88.955,966
CONNIE,0.005,88.960,967
LENNY,0.005,88.965,968
TORY,0.005,88.970,969
RICHIE,0.005,88.975,970
LUPE,0.005,88.981,971
HORACIO,0.005,88.986,972
BRICE,0.005,88.991,973
MOHAMED,0.005,88.996,974
DELMER,0.005,89.001,975
DARIO,0.005,89.006,976
REYES,0.005,89.012,977
DEE,0.005,89.017,978
MAC,0.005,89.022,979
JONAH,0.005,89.027,980
JERROLD,0.005,89.032,981
ROBT,0.005,89.037,982
HANK,0.005,89.042,983
SUNG,0.005,89.047,984
RUPERT,0.005,89.052,985
ROLLAND,0.005,89.057,986
KENTON,0.005,89.062,987
DAMION,0.005,89.067,988
CHI,0.005,89.072,989
ANTONE,0.005,89.077,990
WALDO,0.005,89.082,991
FREDRIC,0.005,89.087,992
BRADLY,0.005,89.092,993
QUINN,0.005,89.097,994
KIP,0.005,89.102,995
BURL,0.005,89.107,996
WALKER,0.005,89.112,997
TYREE,0.005,89.117,998
JEFFEREY,0.005,89.122,999
AHMED,0.005,89.127,1000
